Workbook

Sheet Client Jobs
A1: Mc Transfer — Client Job Register
A2: Job ID | B2: Client Name | C2: Designer / Referral | D2: Job Type | E2: Origin City | F2: Destination City | G2: Scheduled Date | H2: Items Count | I2: Job Value ($) | J2: Crew Assigned | K2: Job Status | L2: Notes
A3: MT2001 | B3: Sarah Williams | C3: ABC Interiors | D3: Residential Move | E3: West Palm Beach | F3: Boca Raton | G3: 46174 | H3: 12 | I3: 3500 | J3: Team A | K3: Completed | L3: On time
A4: MT2002 | B4: James Carter | C4: Elite Design Co | D4: Interior Install | E4: Palm Beach | F4: Delray Beach | G4: 46175 | H4: 8 | I4: 5200 | J4: Team B | K4: Completed | L4: Client satisfied
A5: MT2003 | B5: Maria Rodriguez | C5: Self Referral | D5: Residential Move | E5: Boca Raton | F5: Wellington | G5: 46176 | H5: 22 | I5: 4100 | J5: Team C | K5: Completed | L5: On time
A6: MT2004 | B6: David Johnson | C6: Palm Beach Designs | D6: Furniture Receiving | E6: Delray Beach | F6: West Palm Beach | G6: 46177 | H6: 15 | I6: 2800 | J6: Team A | K6: Completed | L6: Fragile items
A7: MT2005 | B7: Ashley Davis | C7: Word of Mouth | D7: Storage Delivery | E7: Wellington | F7: Palm Beach | G7: 46178 | H7: 9 | I7: 1950 | J7: Team B | K7: Completed | L7: On time
A8: MT2006 | B8: Robert Miller | C8: Online Booking | D8: Residential Move | E8: West Palm Beach | F8: Delray Beach | G8: 46179 | H8: 31 | I8: 6700 | J8: Team C | K8: Completed | L8: Extra care required
A9: MT2007 | B9: Jennifer Wilson | C9: ABC Interiors | D9: Interior Install | E9: Palm Beach | F9: Boca Raton | G9: 46180 | H9: 6 | I9: 8500 | J9: Team A | K9: Completed | L9: High value items
A10: MT2008 | B10: Michael Brown | C10: Elite Design Co | D10: Commercial Move | E10: Boca Raton | F10: West Palm Beach | G10: 46181 | H10: 45 | I10: 12000 | J10: Team B | K10: Completed | L10: On time
A11: MT2009 | B11: Amanda Taylor | C11: Self Referral | D11: Residential Move | E11: Delray Beach | F11: Wellington | G11: 46182 | H11: 18 | I11: 3200 | J11: Team C | K11: Completed | L11: Client satisfied
A12: MT2010 | B12: Joseph Anderson | C12: Palm Beach Designs | D12: Furniture Receiving | E12: Wellington | F12: Palm Beach | G12: 46183 | H12: 11 | I12: 4400 | J12: Team A | K12: Completed | L12: On time
A13: MT2011 | B13: Melissa Thomas | C13: Word of Mouth | D13: Storage Delivery | E13: West Palm Beach | F13: Boca Raton | G13: 46184 | H13: 7 | I13: 1500 | J13: Team B | K13: Completed | L13: On time
A14: MT2012 | B14: Charles Jackson | C14: Online Booking | D14: Residential Move | E14: Palm Beach | F14: Delray Beach | G14: 46185 | H14: 25 | I14: 5800 | J14: Team C | K14: Completed | L14: Antique furniture
... A32: MT2030 | B32: Paul Lopez | C32: Online Booking | D32: Residential Move | E32: Wellington | F32: Palm Beach | G32: 46203 | H32: 27 | I32: 5500 | J32: Team C | K32: Scheduled | L32: Awaiting confirmation

Sheet Storage Inventory
A1: Mc Transfer — Storage & Inventory Tracker
A2: Stock Control | Item Condition | Data Analyst Project | Vineesh Mattapally
A3: Item ID | B3: Item Description | C3: Category | D3: Client Owner | E3: Storage Bay | F3: Date Received | G3: Condition | H3: Value ($) | I3: Days in Storage | J3: Storage Status
A4: ST001 | B4: Victorian Sofa | C4: Furniture | D4: Sarah Williams | E4: Bay A1 | F4: 4/5/2026 | G4: Excellent | H4: 4500 | I4: =TODAY()-F4 -> 68 | J4: =IF(I4>90,"Long Term Storage",IF(I4>30,"Standard","New Arrival")) -> Standard
A5: ST002 | B5: Dining Table Set | C5: Furniture | D5: James Carter | E5: Bay A2 | F5: 4/8/2026 | G5: Excellent | H5: 8200 | I5: =TODAY()-F5 -> 65 | J5: =IF(I5>90,"Long Term Storage",IF(I5>30,"Standard","New Arrival")) -> Standard
A6: ST003 | B6: Oil Painting | C6: Artwork | D6: Maria Rodriguez | E6: Bay A1 | F6: 4/12/2026 | G6: Good | H6: 12000 | I6: =TODAY()-F6 -> 61 | J6: =IF(I6>90,"Long Term Storage",IF(I6>30,"Standard","New Arrival")) -> Standard
A7: ST004 | B7: Antique Dresser | C7: Antique | D7: David Johnson | E7: Bay B1 | F7: 4/15/2026 | G7: Excellent | H7: 6700 | I7: =TODAY()-F7 -> 58 | J7: =IF(I7>90,"Long Term Storage",IF(I7>30,"Standard","New Arrival")) -> Standard
A8: ST005 | B8: King Bed Frame | C8: Furniture | D8: Ashley Davis | E8: Bay B2 | F8: 4/18/2026 | G8: Good | H8: 3200 | I8: =TODAY()-F8 -> 55 | J8: =IF(I8>90,"Long Term Storage",IF(I8>30,"Standard","New Arrival")) -> Standard
A9: ST006 | B9: Crystal Chandelier | C9: Lighting | D9: Robert Miller | E9: Bay C1 | F9: 4/20/2026 | G9: Excellent | H9: 9500 | I9: =TODAY()-F9 -> 53 | J9: =IF(I9>90,"Long Term Storage",IF(I9>30,"Standard","New Arrival")) -> Standard
A10: ST007 | B10: Persian Rug | C10: Accessories | D10: Jennifer Wilson | E10: Bay A1 | F10: 4/22/2026 | G10: Good | H10: 5800 | I10: =TODAY()-F10 -> 51 | J10: =IF(I10>90,"Long Term Storage",IF(I10>30,"Standard","New Arrival")) -> Standard
A11: ST008 | B11: Marble Coffee Table | C11: Furniture | D11: Michael Brown | E11: Bay A2 | F11: 4/25/2026 | G11: Excellent | H11: 7300 | I11: =TODAY()-F11 -> 48 | J11: =IF(I11>90,"Long Term Storage",IF(I11>30,"Standard","New Arrival")) -> Standard
A12: ST009 | B12: Wardrobe Cabinet | C12: Furniture | D12: Amanda Taylor | E12: Bay B1 | F12: 4/28/2026 | G12: Good | H12: 2900 | I12: =TODAY()-F12 -> 45 | J12: =IF(I12>90,"Long Term Storage",IF(I12>30,"Standard","New Arrival")) -> Standard
A13: ST010 | B13: Side Tables (pair) | C13: Furniture | D13: Joseph Anderson | E13: Bay B2 | F13: 5/1/2026 | G13: Excellent | H13: 3600 | I13: =TODAY()-F13 -> 42 | J13: =IF(I13>90,"Long Term Storage",IF(I13>30,"Standard","New Arrival")) -> Standard
A14: ST011 | B14: Abstract Sculpture | C14: Artwork | D14: Melissa Thomas | E14: Bay C1 | F14: 5/3/2026 | G14: Excellent | H14: 15000 | I14: =TODAY()-F14 -> 40 | J14: =IF(I14>90,"Long Term Storage",IF(I14>30,"Standard","New Arrival")) -> Standard
A15: ST012 | B15: Leather Armchair | C15: Furniture | D15: Charles Jackson | E15: Bay A1 | F15: 5/5/2026 | G15: Good | H15: 2800 | I15: =TODAY()-F15 -> 38 | J15: =IF(I15>90,"Long Term Storage",IF(I15>30,"Standard","New Arrival")) -> Standard
... A28: ST025 | B28: Entertainment Unit | C28: Furniture | D28: Amber Allen | E28: Bay B2 | F28: 6/5/2026 | G28: Good | H28: 3300 | I28: =TODAY()-F28 -> 7 | J28: =IF(I28>90,"Long Term Storage",IF(I28>30,"Standard","New Arrival")) -> New Arrival

Sheet Delivery Log
A1: Mc Transfer — Delivery Performance Log
A2: On-Time Delivery | Damage Tracking | Client Rating | Data Analyst Project | Vineesh Mattapally
A3: Delivery ID | B3: Job ID | C3: Client Name | D3: Scheduled Date | E3: Actual Date | F3: Driver | G3: Items Delivered | H3: Damage Reported | I3: On Time | J3: Client Rating (1-5)
A4: DEL001 | B4: MT2001 | C4: Sarah Williams | D4: 6/1/2026 | E4: 6/1/2026 | F4: Mike Johnson | G4: 12 | H4: No | I4: =IF(E4="","Pending",IF(E4<=D4,"Yes","No")) -> Yes | J4: 5
A5: DEL002 | B5: MT2002 | C5: James Carter | D5: 6/2/2026 | E5: 6/2/2026 | F5: Carlos Rivera | G5: 8 | H5: No | I5: =IF(E5="","Pending",IF(E5<=D5,"Yes","No")) -> Yes | J5: 5
A6: DEL003 | B6: MT2003 | C6: Maria Rodriguez | D6: 6/3/2026 | E6: 6/3/2026 | F6: Tony Williams | G6: 22 | H6: No | I6: =IF(E6="","Pending",IF(E6<=D6,"Yes","No")) -> Yes | J6: 4
A7: DEL004 | B7: MT2004 | C7: David Johnson | D7: 6/4/2026 | E7: 6/4/2026 | F7: James Brown | G7: 15 | H7: No | I7: =IF(E7="","Pending",IF(E7<=D7,"Yes","No")) -> Yes | J7: 5
A8: DEL005 | B8: MT2005 | C8: Ashley Davis | D8: 6/5/2026 | E8: 6/5/2026 | F8: Steve Davis | G8: 9 | H8: No | I8: =IF(E8="","Pending",IF(E8<=D8,"Yes","No")) -> Yes | J8: 4
A9: DEL006 | B9: MT2006 | C9: Robert Miller | D9: 6/6/2026 | E9: 6/7/2026 | F9: Mike Johnson | G9: 31 | H9: No | I9: =IF(E9="","Pending",IF(E9<=D9,"Yes","No")) -> No | J9: 4
A10: DEL007 | B10: MT2007 | C10: Jennifer Wilson | D10: 6/7/2026 | E10: 6/7/2026 | F10: Carlos Rivera | G10: 6 | H10: No | I10: =IF(E10="","Pending",IF(E10<=D10,"Yes","No")) -> Yes | J10: 5
A11: DEL008 | B11: MT2008 | C11: Michael Brown | D11: 6/8/2026 | E11: 6/8/2026 | F11: Tony Williams | G11: 45 | H11: No | I11: =IF(E11="","Pending",IF(E11<=D11,"Yes","No")) -> Yes | J11: 5
A12: DEL009 | B12: MT2009 | C12: Amanda Taylor | D12: 6/9/2026 | E12: 6/9/2026 | F12: James Brown | G12: 18 | H12: No | I12: =IF(E12="","Pending",IF(E12<=D12,"Yes","No")) -> Yes | J12: 4
A13: DEL010 | B13: MT2010 | C13: Joseph Anderson | D13: 6/10/2026 | E13: 6/10/2026 | F13: Steve Davis | G13: 11 | H13: No | I13: =IF(E13="","Pending",IF(E13<=D13,"Yes","No")) -> Yes | J13: 5
A14: DEL011 | B14: MT2011 | C14: Melissa Thomas | D14: 6/11/2026 | E14: 6/11/2026 | F14: Mike Johnson | G14: 7 | H14: No | I14: =IF(E14="","Pending",IF(E14<=D14,"Yes","No")) -> Yes | J14: 4
A15: DEL012 | B15: MT2012 | C15: Charles Jackson | D15: 6/12/2026 | E15: 6/12/2026 | F15: Carlos Rivera | G15: 25 | H15: No | I15: =IF(E15="","Pending",IF(E15<=D15,"Yes","No")) -> Yes | J15: 5
... A20: DEL017 | B20: MT2017 | C20: Rachel Garcia | D20: 6/17/2026 | E20: 6/17/2026 | F20: Carlos Rivera | G20: 5 | H20: No | I20: =IF(E20="","Pending",IF(E20<=D20,"Yes","No")) -> Yes | J20: 5
A21: DEL018 | B21: MT2018 | C21: Daniel Martinez | D21: 6/18/2026 | F21: Tony Williams | G21: 29 | H21: No | I21: =IF(E21="","Pending",IF(E21<=D21,"Yes","No")) -> Pending
A22: DEL019 | B22: MT2019 | C22: Lauren Robinson | D22: 6/19/2026 | E22: 6/20/2026 | F22: James Brown | G22: 16 | H22: Yes | I22: =IF(E22="","Pending",IF(E22<=D22,"Yes","No")) -> No | J22: 3
A23: DEL020 | B23: MT2020 | C23: Matthew Clark | D23: 6/20/2026 | F23: Steve Davis | G23: 42 | H23: No | I23: =IF(E23="","Pending",IF(E23<=D23,"Yes","No")) -> Pending
A24: DEL021 | B24: MT2021 | C24: Brittany Lewis | D24: 6/21/2026 | E24: 6/21/2026 | F24: Mike Johnson | G24: 23 | H24: No | I24: =IF(E24="","Pending",IF(E24<=D24,"Yes","No")) -> Yes | J24: 4
A25: DEL022 | B25: MT2022 | C25: Anthony Lee | D25: 6/22/2026 | E25: 6/22/2026 | F25: Carlos Rivera | G25: 10 | H25: No | I25: =IF(E25="","Pending",IF(E25<=D25,"Yes","No")) -> Yes | J25: 5
A26: DEL023 | B26: MT2023 | C26: Heather Walker | D26: 6/23/2026 | F26: Tony Williams | G26: 6 | H26: No | I26: =IF(E26="","Pending",IF(E26<=D26,"Yes","No")) -> Pending
A27: DEL024 | B27: MT2024 | C27: Mark Hall | D27: 6/24/2026 | E27: 6/25/2026 | F27: James Brown | G27: 33 | H27: Yes | I27: =IF(E27="","Pending",IF(E27<=D27,"Yes","No")) -> No | J27: 3
A28: DEL025 | B28: MT2025 | C28: Amber Allen | D28: 6/25/2026 | F28: Steve Davis | G28: 18 | H28: No | I28: =IF(E28="","Pending",IF(E28<=D28,"Yes","No")) -> Pending
A29: DEL026 | B29: MT2026 | C29: Donald Young | D29: 6/26/2026 | E29: 6/26/2026 | F29: Mike Johnson | G29: 40 | H29: No | I29: =IF(E29="","Pending",IF(E29<=D29,"Yes","No")) -> Yes | J29: 5
A30: DEL027 | B30: MT2027 | C30: Danielle Hernandez | D30: 6/27/2026 | E30: 6/27/2026 | F30: Carlos Rivera | G30: 15 | H30: No | I30: =IF(E30="","Pending",IF(E30<=D30,"Yes","No")) -> Yes | J30: 4
A31: DEL028 | B31: MT2028 | C31: Steven King | D31: 6/28/2026 | F31: Tony Williams | G31: 8 | H31: No | I31: =IF(E31="","Pending",IF(E31<=D31,"Yes","No")) -> Pending
A32: DEL029 | B32: MT2029 | C32: Christina Wright | D32: 6/29/2026 | F32: James Brown | G32: 5 | H32: No | I32: =IF(E32="","Pending",IF(E32<=D32,"Yes","No")) -> Pending
A33: DEL030 | B33: MT2030 | C33: Paul Lopez | D33: 6/30/2026 | F33: Steve Davis | G33: 27 | H33: No | I33: =IF(E33="","Pending",IF(E33<=D33,"Yes","No")) -> Pending
A35: On Time Rate % | C35: =IFERROR(COUNTIF(I4:I33,"Yes")/COUNTIF(I4:I33,"<>Pending"),0) -> 0.82608696
A37: Damage Rate % | C37: =IFERROR(COUNTIF(H4:H33,"Yes")/COUNTA(H4:H33),0) -> 0.066666667
A39: Avg Client Rating | C39: =IFERROR(AVERAGEIF(J4:J33,">0"),0) -> 4.4347826

Sheet KPI Dashboard
P2: Mc Transfer — Executive KPI Dashboard
P5: Data Analyst Project | Vineesh Mattapally | June 2026
Z6: MONTHLY REVENUE TREND — JUNE 2026
Z7: Week 1 Revenue | AB7: {=SUMPRODUCT(('Client Jobs'!G3:G1000>=DATE(2026,6,1))*('Client Jobs'!G3:G1000<=DATE(2026,6,7))*('Client Jobs'!I3:I1000))} -> 32750
Z8: Week 2 Revenue | AB8: {=SUMPRODUCT(('Client Jobs'!G3:G1000>=DATE(2026,6,8))*('Client Jobs'!G3:G1000<=DATE(2026,6,14))*('Client Jobs'!I3:I1000))} -> 47600
A9: Delivery Status | B9: Count | Z9: Week 3 Revenue | AB9: {=SUMPRODUCT(('Client Jobs'!G3:G1000>=DATE(2026,6,15))*('Client Jobs'!G3:G1000<=DATE(2026,6,21))*('Client Jobs'!I3:I1000))} -> 41400
A10: On Time | B10: =COUNTIF('Delivery Log'!I4:I33,"Yes") -> 19 | Z10: Week 4 Revenue | AB10: {=SUMPRODUCT(('Client Jobs'!G3:G1000>=DATE(2026,6,22))*('Client Jobs'!G3:G1000<=DATE(2026,6,30))*('Client Jobs'!I3:I1000))} -> 47900
A11: Late | B11: =COUNTIF('Delivery Log'!I4:I33,"No") -> 4 | Z11: Peak Revenue Week | AB11: =IF(AND(AB7>=AB8,AB7>=AB9,AB7>=AB10),"Week 1",IF(AND(AB8>=AB7,AB8>=AB9,AB8>=AB10),"Week 2",IF(AND(AB9>=AB7,AB9>=AB8,AB9>=AB10),"Week 3","Week 4"))) -> Week 4
A12: Pending | B12: =COUNTIF('Delivery Log'!I4:I33,"Pending") -> 7 | Z12: W2 vs W1 Growth | AB12: =IFERROR((AB8-AB7)/AB7,0) -> 0.45343511
A20: Client Name | B20: Job Value
A21: Donald Young | B21: =VLOOKUP("Donald Young",'Client Jobs'!B3:I1000,8,FALSE) -> 14000
A22: Matthew Clark | B22: =VLOOKUP("Matthew Clark",'Client Jobs'!B3:I1000,8,FALSE) -> 13500
A23: Michael Brown | B23: =VLOOKUP("Michael Brown",'Client Jobs'!B3:I1000,8,FALSE) -> 12000
A24: Thomas Harris | B24: =VLOOKUP("Thomas Harris",'Client Jobs'!B10:I1007,8,FALSE) -> 11500
A25: Diana Foster | B25: =VLOOKUP("Lauren Robinson",'Client Jobs'!B3:I1000,8,FALSE) -> 7800
A38: Job Status | B38: Count
A39: Completed | B39: =COUNTIF('Client Jobs'!K3:K1000,"Completed") -> 17
A40: In Progress | B40: =COUNTIF('Client Jobs'!K3:K1000,"In Progress") -> 5
A41: Scheduled | B41: =COUNTIF('Client Jobs'!K3:K1000,"Scheduled") -> 6
A42: Cancelled | B42: =COUNTIF('Client Jobs'!K3:K1000,"Cancelled") -> 2

Sheet Audit Log
A1: Mc Transfer — Data Validation & Audit Log
A2: Quality Control | Issue Tracking | Data Analyst Project | Vineesh Mattapally
A3: Audit ID | B3: Date | C3: Sheet Audited | D3: Records Checked | E3: Issues Found | F3: Issue Type | G3: Action Taken | H3: Status
A4: AUD001 | B4: 6/1/2026 | C4: Client Jobs | D4: 30 | E4: 1 | F4: Duplicate Job ID | G4: Removed duplicate MT2015 | H4: Resolved
A5: AUD002 | B5: 6/1/2026 | C5: Client Jobs | D5: 30 | E5: 2 | F5: Missing client name | G5: Followed up with operations team | H5: Resolved
A6: AUD003 | B6: 6/2/2026 | C6: Storage Inventory | D6: 25 | E6: 1 | F6: Incorrect item value | G6: Updated from original invoice | H6: Resolved
A7: AUD004 | B7: 6/2/2026 | C7: Storage Inventory | D7: 25 | E7: 0 | F7: None | G7: All records clean — no action needed | H7: Complete
A8: AUD005 | B8: 6/3/2026 | C8: Delivery Log | D8: 30 | E8: 1 | F8: Missing actual delivery date | G8: Confirmed date with driver | H8: Resolved
A9: AUD006 | B9: 6/4/2026 | C9: Delivery Log | D9: 30 | E9: 2 | F9: Wrong damage status | G9: Corrected via source documentation | H9: Resolved
A10: AUD007 | B10: 6/5/2026 | C10: Client Jobs | D10: 30 | E10: 0 | F10: None | G10: All records clean — no action needed | H10: Complete
A11: AUD008 | B11: 6/6/2026 | C11: Storage Inventory | D11: 25 | E11: 1 | F11: Item condition not updated | G11: Updated after physical inspection | H11: Resolved
A12: AUD009 | B12: 6/7/2026 | C12: Delivery Log | D12: 30 | E12: 0 | F12: None | G12: All records clean — no action needed | H12: Complete
A13: AUD010 | B13: 6/8/2026 | C13: All Sheets | D13: 85 | E13: 0 | F13: None | G13: Full cross-sheet audit passed | H13: Complete
A14: TOTALS | D14: =SUM(D4:D13) -> 340 | E14: =SUM(E4:E13) -> 8

Sheet Management Insights
A1: Mc Transfer - Management Insights Report
A2: Strategic Analysis & Recommendations
A4: EXECUTIVE SUMMARY
A5: This dashboard analyzes client jobs, inventory utilization, delivery performance, and data quality metrics across McCorquodale Transfer operations. The objective is to identify operational trends, improve reporting accuracy, and support management decision-making through data-driven insights.
A7: KEY FINDINGS & RECOMMENDATIONS
A8: Area | C8: Findings | H8: Recommendation
A9: Operations | C9: Total completed jobs increased during Q2. Residential moves and interior installs represent highest value categories. Team A delivered best performance with zero late deliveries | H9: Continue allocating resources to highest-performing categories. Consider Team A as preferred crew for high-value assignments.
A10: Inventory | C10: 25 items in storage across 5 bays. 11 Excellent, 11 Good, 1 Damaged. Average 33 days in storage | H10: Review items approaching Long Term Storage. Implement monthly utilization reviews to prevent space constraints.
A11: Delivery | C11: On Time Rate is 82.6%. 4 late deliveries and 2 damage reports recorded. Average client rating is 4.4 out of 5. | H11: Investigate routes with late deliveries. Review damage incidents for root cause. Monitor client ratings monthly.
A12: Data Quality | C12: 10 audits completed. 8 issues found and all resolved. Most issues from incomplete records during initial entry. | H12: Implement mandatory field validation at entry. Schedule quarterly audit reviews. Automate anomaly detection.
A14: OPPORTUNITIES FOR IMPROVEMENT
A15: Area | D15: Opportunity
A16: Data Entry | D16: Reduce missing fields through mandatory validation rules
A17: Reporting | D17: Automate recurring KPI calculations to reduce manual effort
A18: Inventory | D18: Track storage utilization trends monthly
A19: Delivery | D19: Monitor delay patterns by route and driver
A20: Data Quality | D20: Schedule regular audit reviews and automate anomaly detection
A22: STRATEGIC IMPACT
A23: Improving data quality and operational visibility can support faster decision-making, reduce reporting errors, and improve overall efficiency across inventory, delivery, and client management processes. By transitioning from reactive to proactive data management, McCorquodale Transfer can better anticipate demand, optimize crew allocation, and deliver a consistently exceptional client experience.
A25: Prepared by: Vineesh Mattapally | Data Analyst | vineesh1402@gmail.com | 561-970-9873 | June 2026
